{"cameraMode":{"drawMode":0,"name":"Shaded","section":"Shading Mode"},"sceneLighting":true,"audioPlay":false,"sceneViewState":{"showFog":true,"showMaterialUpdate":false,"showSkybox":true,"showFlares":true,"showImageEffects":true,"showParticleSystems":true},"in2DMode":false,"pivot":{"x":11.451911926269532,"y":4.712510585784912,"z":2.809427261352539},"rotation":{"x":0.014688046649098397,"y":-0.27998125553131106,"z":-0.004284127149730921,"w":-0.9598924517631531},"size":9.801835060119629,"orthographic":false}